{
  "pages": [
    {
      "pageInfo": {
        "pageName": "deneme",
        "parent": "",
        "waitelement": ""
      },
      "elements": [
        {
          "learn to code text": "//h1[contains(text(),'Learn to Code')]"
        },
        {
          "tutorials box": "//*[@id='navbtn_tutorials']"
        },
        {
          "learn html text": "//a[contains(text(),'Learn HTML')]"
        },
        {
          "try it yourself text": "//a[contains(text(),'Try it Yourself')]"
        },
        {
          "text box": "//pre[@class=' CodeMirror-line ']"
        },

        {
          "run button": "//*[@id='runbtn']"
        }
      ]
    }
  ]
}
